Date,0,1,2,3,4,5,6,7,8,9,10,11,12,13,14,15,16,17,18,19,20,21,22,23
01/01/2022,24.375,24.625,26.125,25.375,25.25,23.625,17.625,16.63,19.14,23.89,27.55,34.93,36.85,89.23,79.9,51.35,25.1,25,24.25,24.625,25.125,25.25,25.25,25.875
02/01/2022,24.375,24.25,24.75,25,25,23.25,18.44,51.47,192.37,215.27,232.885,202.235,196.64,176.965,167.195,136.55,114.13,114.375,110.875,87.125,66.875,42.125,33.125,34
03/01/2022,32.75,32.75,34.25,33.375,33.875,31.5,27.5,82.43,207,243.42,244.4,221.97,237.18,218.875,203.655,156.755,125.935,99.25,91.875,67.25,34.375,30.375,35.125,33.25
04/01/2022,33.25,32.75,32.875,33.375,33.5,31.125,27.195,80.53,234.79,262.09,246.07,228.82,228.865,211.965,183.29,142.93,79.09,82.5,66.125,38.5,29.875,28.625,28.375,28
05/01/2022,27.75,28,28,28.25,30.25,26.25,21.635,73.195,215.82,247.725,240.27,224.435,194.34,184.225,166.705,146.12,120.855,107.125,80.75,45.875,28.375,25.5,26.625,25.25
06/01/2022,24.625,24.5,24.75,25.5,25.5,23.5,18.675,79.265,204.485,196.6,190.64,191.895,193.28,167.475,144.715,129.175,115.89,96.625,51.25,31,26.75,25.875,25.5,25.375
07/01/2022,25.125,25.625,25,25.375,25.375,23,17.835,19.74,70.56,135.34,173.04,193.37,193.75,163.82,78.34,27.32,22.375,24.625,24.625,25,24.75,25,26.625,24.375
08/01/2022,24.25,23.75,24.25,24.5,24.5,22.25,16.76,19.625,70.01,131.34,171.3,190.47,189.46,164.34,80.73,29.835,21.765,25.25,24.875,24.25,24.625,25.375,25,24.75
09/01/2022,24,24,24,24.625,24.625,22.5,17.74,52.86,174.51,201.1,201.57,179.62,188.54,184.6,154.47,137.075,129.12,123.375,73.5,44.375,33.375,30.125,28.375,26.5
10/01/2022,25.875,25.375,25.75,26.25,26.25,24,20.61,62.16,214.86,236.64,232.25,220.575,212.565,200.72,174.34,147.285,127.41,124.375,105,56.25,32.5,28.375,26.625,26
11/01/2022,25.75,27,25.75,26.25,26.125,23.875,19.985,48.57,200.66,233.005,229.425,204.075,199.4,185.31,166.78,147.84,130.47,138.75,82.75,38.25,27.25,28,28.25,27.25
12/01/2022,26,26.5,25.5,26.25,26,23.75,19.135,63.68,190.89,202.315,203.665,194.465,193.12,171.095,152.595,134.02,118.35,82.5,43.125,27.125,28.625,27.375,26.375,25.5
13/01/2022,25.125,25.25,25.375,25.875,26.75,23.75,18.645,65.605,203.715,232.775,225.87,221.48,204.33,191.45,172.25,152.955,100.95,56.5,47.625,37,30.5,30.5,26.5,26.125
14/01/2022,25.875,26.25,26.75,26.75,27.75,24.25,18.75,39.69,58.94,59.06,118.57,60.73,48.43,20.79,38.7,23.085,22.595,25.25,26.875,25.625,26,26.375,25.875,25.875
15/01/2022,26.75,25.5,25.375,26.25,25.75,23.5,19.405,22.085,95.17,122.79,20.88,23.395,64.175,39.96,21.61,20.84,23.95,25.5,26.75,28.875,31.625,28,25.5,27.125
16/01/2022,25.125,26.25,25.25,25.875,25.875,24.375,18,66.025,222.065,246.61,256.895,295.87,289.96,265.14,244.29,215.555,172.985,105.5,39.5,25.75,28.625,28.625,25.75,26
17/01/2022,25.25,25,26.75,25.75,25.5,22.75,20.6,69.53,228.13,267.85,274.845,270.515,246.74,229.6,194.73,166.69,138.87,98,76,67,51.125,47.5,47.625,46.375
18/01/2022,45.625,45,46.75,45.75,46,43.125,44.695,144.205,140.125,105.375,62.375,46,27,23.375,69.875,111.5,118.25,73.25,54.75,37.5,27.75,27.75,27.5,27
19/01/2022,26,26.875,25.625,26.25,25.75,23.375,25.375,154.09,255.545,296.985,318.72,290.065,269.235,261.595,217.585,227.38,141.705,76.375,40.75,27.625,25.125,25.5,25.25,25.25
20/01/2022,26,24.75,24.75,25.25,25.125,22.5,20.315,166.915,237.96,252.535,260.82,256.99,247.17,224.49,194.6,167.855,105.895,91.5,85.625,71.25,66.125,58.75,55.25,55.25
21/01/2022,53.25,53.875,52.25,51.875,52.75,50,44.82,80.255,97.76,148.2,190.96,210.19,212.73,192.05,119.23,45.5,43.19,45.75,46.25,47,47.75,48,48.75,48.625
22/01/2022,47.5,48.25,48.625,48.75,48.375,45.25,39.865,40.39,81.785,143.16,181.9,200.97,163.09,112.44,81.605,49.475,43.02,44.75,46.625,45.875,46.125,46.75,47.125,46.375
23/01/2022,47.625,47.125,48.625,48.5,48.75,45.875,40.775,99.685,267.855,293.62,298.14,275.02,269.64,264.68,237.395,217.4,205.115,189.5,108.75,80,53.625,52.5,48.5,48.25
24/01/2022,47.875,48.125,50.25,48.5,49.125,46.25,44.26,98.245,305.535,346.21,323.74,301.895,285.64,272.405,257.185,214.23,150.945,123.375,81.375,41.125,30.5,28.125,26.625,27.125
25/01/2022,27,26.25,26.125,26.625,26.625,23.875,24.21,115.995,263.9,299.51,307.925,284.99,280.83,248.695,201.065,165.225,123.515,95.31,92.25,64.75,36.5,32.5,28.625,26.25
26/01/2022,26,26,26.125,26.5,27.75,23.25,19.49,102.995,241.63,293.44,311.415,291.73,280.115,273.2,241.865,211.23,123.37,92.375,70.75,57.125,53.875,53.125,46.25,44
27/01/2022,45,42.875,44.75,45.625,46.5,43.875,39.765,125.43,279.335,334.275,340.94,295.205,258.555,228.555,204.825,191.235,171.735,175.5,174.75,129,120,93.5,55.5,54.25
28/01/2022,57.375,57.375,59,56.625,57.125,52.75,50.5,73.3,100.64,123.325,145.135,185.83,139.155,117.855,114.32,26.085,21.155,25.785,25.75,26.375,27.625,25.125,24.875,24.875
29/01/2022,26.5,27.5,26,26.25,25.125,22.375,19.45,31.395,61.36,113.88,187.3,164.33,96.41,116.12,116.16,43.735,23.735,24.025,26.25,28,26.75,26.25,26.125,24.875
30/01/2022,27.5,25.5,25.5,25.125,25,21.875,18.66,131.635,276.895,330.2,327.2,275.395,261.125,247.36,229.37,204.525,166.935,93.37,95.5,93.125,69.125,54,52.5,53.875
31/01/2022,51.625,51.875,52.125,50.75,51.25,48.375,46.715,127.29,275.53,321.86,329.485,321.055,292.68,265.33,228.95,207.61,187.685,160.025,117.25,70.5,46.5,38,36.5,35.25
01/02/2022,35.75,36.25,35.75,35.125,35,31.875,31.27,150.67,298.8,316.16,300.555,277.505,246.225,225.73,198.305,179.22,142.95,85.345,53.75,29.625,28.625,27.375,26.75,26.625
02/02/2022,28.875,27.25,27.625,26.75,26.5,23.625,21.165,89.525,232.1,262.39,243.445,221.945,211.39,205.76,202.965,169.675,136.02,124.27,59.75,46.375,42.125,33.25,31.75,31.125
03/02/2022,30.125,31.25,30.75,30,29,27,27.19,100.545,232.33,257.665,252.75,246.33,231.92,205.03,173.1,150.725,115.315,43.99,43.875,43.375,30.25,26,27,26
04/02/2022,26.125,26.375,28.25,26.5,25.5,24.125,19.515,48.575,77.495,125.6,145.49,142.57,101.455,41.485,55.93,47.06,25.02,24.295,25.875,26.375,26.5,27.625,27.5,26.75
05/02/2022,27.375,30.625,30.375,28.625,26.375,24.125,22.35,19.965,58.42,21.855,29.145,76.465,29.88,82.19,72.14,44.94,25.16,25.13,26.5,28.5,27.25,26.625,27.875,26.5
06/02/2022,26.375,27.125,26.125,25.5,26.125,22,18.57,82.2,249.16,305.04,312.67,300.46,281.73,254.895,227.805,196.07,155.165,152.955,116.375,95.5,74.5,56.875,49.25,48.375
07/02/2022,49,48.125,48.25,49,47.25,44.5,40.82,102.485,229.85,248.555,245.26,235.46,241.86,207.265,187.7,173.19,142.71,96.815,77.25,58.625,51.375,42.375,39.75,28.5
08/02/2022,26.75,28.625,26.75,26,25.25,24.25,20.05,106.17,235.75,273.36,266.56,248.505,230.215,205.68,167.135,138.775,115.825,97.305,69.75,43.75,37.5,35.75,34.25,34.25
09/02/2022,36.25,35.125,35.125,34.25,33.75,31.5,29.03,75.415,210.795,238.635,239.92,219.155,227.635,217.165,221.795,197.135,167.805,145.92,88.375,63.25,48.375,43.625,39,39.25
10/02/2022,40.25,39.375,38.875,40.125,38.5,34.375,33.695,103.195,272.875,319.855,338.98,334.88,305.26,269.095,213.495,190.73,119.93,87.99,85.75,67.875,41.625,36.5,37.5,37
11/02/2022,38.375,36.875,37.75,38.25,36,33.75,30.54,40.98,70.525,79.195,179.73,201.86,154.72,149.5,168.4,76.97,24.875,25.185,27.125,26.375,27.75,28.25,27,25.75
12/02/2022,27.625,28,27.875,25.75,26,24.375,19.735,25.7,79.99,124.16,153.81,168.41,169.41,156.65,125.27,59.75,20.265,25.78,26.625,27.75,27.125,25.875,27.625,28.125
13/02/2022,25.625,27.375,27.75,26.25,25.5,24,18.655,87.575,224.715,228.985,225.235,211.935,217.62,200.8,197.295,173.565,123.72,75.62,53.75,51.75,47.25,34.5,28.375,27.875
14/02/2022,26.5,28.25,28.75,26.5,26,23,22.175,89.035,235.655,241.795,225.965,206.395,218.61,215.375,184.885,152.38,132.96,108.53,81.75,63.125,59.625,49.375,50.125,51.125
15/02/2022,50.625,52.25,50.125,48.625,49.375,46.625,44.635,94.095,214.14,230.56,230.135,216.775,176.47,200.83,172.135,149.57,131.505,115.04,83.75,55.75,58,50.625,47.5,44.5
16/02/2022,47.5,47.375,46.5,49,45.375,43.25,40.015,92.905,219.445,239.135,225.62,213.315,221.685,210.825,182.63,159.26,136.07,81.205,70.875,68.75,66.75,74.5,70,69.75
17/02/2022,71.75,70,72,70,68.625,67.875,63.05,99.005,199.075,235.39,224.4,215.13,206.175,194.425,160.1,151.96,128.99,111.79,60.75,58.5,49,42.375,40.625,26.25
18/02/2022,25.875,27.375,26.75,26,24.25,22.5,19.99,43.75,102.15,163.73,205.48,224.75,226.97,209.63,167.94,88.74,30.175,24.235,26.875,27.125,26.75,27,26.125,25.75
19/02/2022,27.75,26.375,26.25,25.875,24.375,24.25,19.34,24.98,40.03,26.06,38.86,34.245,46.2,170.29,178.85,79.13,30.755,26.07,25.75,26.375,26.375,26.5,26.625,26.75
20/02/2022,25.75,26.25,26.125,25.5,25.5,22.375,21.075,84.615,220.86,253.795,256.77,232.99,227.885,211.655,187.03,164.44,147.79,119.835,73.625,56.25,47.625,40.375,32.125,31.5
21/02/2022,30.375,31.5,30.375,29.75,29.625,26.5,23.13,60.315,168.375,173.88,186.865,201.33,192.685,184.83,154.35,126.61,104.16,86.31,61.625,32.25,29.25,28.125,29.125,27.5
22/02/2022,28.125,28.25,29.75,27.75,25.75,24.625,21.285,63.995,189.3,223.74,224.97,232.41,225.35,212.305,182.83,140.13,79.62,78.09,75.75,46.75,30,28.25,28.5,27.125
23/02/2022,28.125,27.5,27.25,28.375,24.875,23.75,20.535,60.545,149.795,181.455,182.025,197.95,198.95,175.85,155.43,111.76,89.415,73.985,59.375,47.125,38.75,30.25,28.875,27.5
24/02/2022,28.5,28.125,30.125,28,25.75,24.625,30.675,76.38,135.695,166.78,198.475,225.25,229.9,207.93,175.97,129.93,121,85.945,61.625,57.875,47.875,40.5,44.125,46.25
25/02/2022,48.375,46.5,46.75,47.625,44.75,43,39.185,43.025,124.27,70.83,77.53,150.015,217.97,180.85,128.98,67.07,40.325,33.025,32.25,32.75,34.5,32.125,36.375,38
26/02/2022,39.375,39.25,39.25,39.5,36.375,36.375,31.42,28.575,29.675,30.9,50.195,34.705,29.895,79.84,65.33,32.655,33.27,31.19,32,33.875,32.625,32.25,36.25,38.875
27/02/2022,38.5,38.625,40.375,38.125,36.375,34.625,33.65,99.595,208.26,212.6,228.155,211.415,225.03,212.18,191.775,144.435,93.04,77.3,72.5,52.875,33.25,32.875,31.5,30.75
28/02/2022,31.5,31.625,32.625,31,28.625,25.5,24.195,71.53,183.3,203.11,215.675,247.565,235.42,225.09,190.57,162.49,97.015,77.345,81.5,79.25,56.75,40.625,39.75,41.125
01/03/2022,40.25,40.625,40.125,39.75,38.5,34,31.185,85.12,181.995,206.095,208.575,220.135,219,205.8,168.515,127.57,83.595,80.505,74,57.25,51.375,53.375,44.625,42.125
02/03/2022,41.625,41.375,41,42.75,38,35,35.79,58.435,151.385,183.86,213.1,190.34,185.01,179.94,142.85,122.02,92.6,85.49,72.875,59.125,50.25,42.25,38.25,32.75
03/03/2022,32.5,35.25,32.625,32.5,31.875,27.25,25.23,64.32,159.85,186.92,202.06,211.4,220.225,199.935,156.97,135.25,86.705,71.425,57.125,50.25,39.375,30.375,26.625,26.875
04/03/2022,28.125,27,27.375,27.375,26,21.375,19.53,53.895,133.52,134.83,88.975,60.25,77.96,154,127,82.8,48.96,36.825,37.625,37.375,38.625,39.875,38.25,39.25
05/03/2022,37.75,40.5,39,38.375,36.375,32,31.155,52.905,113.82,176.3,217.46,236.16,236.44,218.45,184.45,118.25,41.63,35.705,38.25,37,36.875,37.5,36.25,38.25
06/03/2022,37.625,38.125,39.625,39.25,36.125,30.75,32.125,67.075,134.405,162.12,203.545,158.88,210.64,191.46,148.2,126.565,99.695,100.29,89,61.75,37,32.125,30.625,29.375
07/03/2022,29.25,29.875,32,29.75,27.25,25,20.815,65.785,123.12,160.7,184.79,200.5,209.77,189.11,164.635,108.295,78.89,79.11,73.375,54.25,40.875,30.5,28.75,29.875
08/03/2022,28.375,28.875,30.5,28.75,26.125,24.75,18.5,61.34,128.785,149.595,157.72,162.17,148.54,150.52,146.645,112.885,93.58,84.935,74.25,54.5,44.375,42.125,39.125,39.75
09/03/2022,39.5,40.125,42.75,40.5,36.75,36.375,33.23,68.87,143.19,173.715,204.01,231,222.605,211.77,160.525,129.355,99.295,95.85,70.625,50.75,44,36.25,31,31.25
10/03/2022,29.875,32.25,29.375,30.5,26.25,23.5,23.415,60.135,143.42,192.32,216.01,244.67,239.235,220.145,176.02,139.515,112.085,91.01,77.75,63.25,43,28.75,26.125,27.375
11/03/2022,26.125,26.375,27,26.5,23.375,22.5,18.745,26.65,75.335,77.205,85.52,138.155,171.205,172.06,152.91,75.49,35.64,25.19,26.625,27.625,29.25,28,27.5,27
12/03/2022,27.5,27.75,29,28.5,23.75,21.5,19.495,23.495,37.24,70.73,78.66,170.72,99.13,65.31,42.2,40.99,20.94,26.135,26.625,27.75,28.125,28.375,28.875,26.625
13/03/2022,26.375,26.75,27.125,27,24.75,20.75,24.025,94.68,206.395,262.15,249.37,253.235,249.635,253.47,233.81,193.595,177.595,157.04,84.5,64.75,62.875,55.375,45,30.875
14/03/2022,26.875,28.75,27.5,28,24,22,21.89,84.715,212.145,232.875,236.77,225.65,215.015,254.92,214.34,149.58,103.665,79.68,72.625,78.125,60.125,48.125,45.625,43.5
15/03/2022,44.125,45.375,44.25,44.75,41.875,37.625,39.15,97.38,230.49,266.02,263.02,251.41,229.38,233.73,207.06,157.61,125.56,118.185,87.875,60,43.625,33.875,26.125,26
16/03/2022,25.875,26.5,27.625,26.875,22.125,19.415,21.79,43.99,45.05,156.83,179.57,233.82,199.24,242.24,140.28,59.81,27.15,26.56,26.25,28,26.75,27.25,26.375,26.25
17/03/2022,26.625,26.75,26.5,28.625,23.125,20.635,21.145,62.73,128.96,184.14,224.42,214.23,274.42,234.4,196.74,132.95,53.28,23.92,27.375,26.625,25.5,26.125,26.75,25.375
18/03/2022,25.5,27.75,26,27,23.25,23.135,21.27,69.83,134.25,200.73,192.85,206.48,225.82,177.57,174.68,124.26,42.94,22.725,25.5,25.875,26.125,27,25.5,25.75
19/03/2022,25.5,27.5,26.125,26.375,22.75,22.83,17.405,32.395,102.77,109.02,166.86,209.56,198.62,141.88,133.56,110.86,42.94,21.855,28.625,26.625,26.625,27.25,26.125,27.125
20/03/2022,26,26.25,26.625,26.375,23.125,21.76,23.06,91.39,204.055,247.8,265.16,267.9,260.655,238.855,209.36,193.35,194.74,188.64,169.5,111.5,77.5,43,38.125,38.125
21/03/2022,38.625,39.625,38.125,38.375,35.125,33.375,35.33,114.975,186.535,216.76,222.755,212.37,226.495,214.37,185.605,160.965,144.635,136.725,110.25,79,56.125,33.625,29.75,27.5
22/03/2022,27.375,28.125,29.75,28.375,24.625,23.355,24.005,84.76,60.24,67.96,94.48,81.7,63.965,50.04,41.31,32.805,77.98,94.66,74.375,80.125,66.875,52,40.875,38.5
23/03/2022,38.5,40.25,37.5,37.5,34.5,32.55,32.57,95.555,56.5,61.375,64,32,10.5,0,0.625,23.375,78,105.75,95.875,76.375,59,49.75,31,23.75
24/03/2022,25.375,24.625,26.375,24.75,20.875,20.735,24.765,84.64,209.54,276.01,291,269.91,255.875,227.22,209.655,174.21,153.435,108.61,76.25,62.875,39.75,56.75,35.75,28
25/03/2022,26.5,28.625,0,27.375,28.25,24.75,23.75,41.08,87.74,87.13,101.555,116.945,156.71,104.82,96.14,116.76,80.03,35.55,27.24,28.25,31.125,29.125,29.25,29.625
26/03/2022,27.875,28,28.75,30.25,28.25,25.125,24.615,24.67,78.09,149.47,202.22,236.59,244.01,252.98,240.27,203.53,144.26,61.695,25.735,29,29.25,29.5,29.25,28.5
27/03/2022,28.75,29.75,28.75,29.5,28.75,25.75,23.285,78.74,202.575,251.685,254.5,230.925,225.275,261.155,234.01,202.42,157.66,137.02,111.92,91,64,49.875,46.5,45.375
28/03/2022,43.625,43.125,45.375,44.875,44.25,42.5,38.74,61.445,121.135,165.67,214.43,247.61,258.73,260.49,247.13,210.89,151.215,96.275,79.48,70.75,33.375,30.125,31.625,28.875
29/03/2022,26.75,26.75,25.875,27.875,25.625,23.875,20.425,50.785,46.25,37.75,0,0,0,0,0,0,0.5,24.5,66.25,68.5,41.5,32.625,31,28.875
30/03/2022,30.75,28.875,29.375,29.625,30.125,26,24.3,56.015,102.24,151.175,203.62,236.47,248.87,216.625,199.04,170.29,124.455,84.54,70.375,48.625,26.75,26.75,28.25,26.5
31/03/2022,27,25.875,26.5,26.375,27.75,23.125,20.935,47.525,108.895,146.54,175.3,202.81,218.65,219.81,201.76,173.63,112.21,80.96,61.19,72.5,65.25,53.125,47,33
01/04/2022,31.75,31.875,33.375,31.5,31.375,28.5,27.2,42.32,58.91,99.05,131.65,153.73,152.52,146.72,126.56,95.87,67.94,36.13,22.89,28.25,28.625,28,30.25,27.875
02/04/2022,27,28.375,27.75,27.5,27.375,25.875,21.72,22.345,51.16,103.69,149.49,168.87,164.35,154.14,148.54,125.34,88.88,40.38,26.42,27.625,28.25,30.25,28.25,27.125
03/04/2022,29.25,27.25,27.5,29.5,27,26.125,24.405,62.67,114.075,138.19,129.505,136.32,145.65,144.25,154.16,132.8,103.27,100.14,105.14,97.25,80.75,65.25,61.25,43.75
04/04/2022,37,27.75,29.5,28,28.75,25.25,29.315,76.905,125.815,144.59,172.81,204.02,219.66,217.31,202.66,171.83,137.84,92.26,91.4,90.375,79.75,79.875,78.375,81
05/04/2022,53.5,52.125,53.75,54.375,49.25,47.625,43.725,56.03,98.83,140.19,182.94,213.93,232.57,223.41,210.185,177.345,159.685,102.175,72.42,54,39.75,41.5,52.5,37.375
06/04/2022,32.875,32.375,30.375,32.75,29.375,28.125,21.93,99.76,190.7,227.59,256.48,247.14,243.405,226.925,186.385,157.035,146.68,156.975,137.13,120.625,91.75,80.25,77,69.25
07/04/2022,70.5,67.75,69.875,67,65.375,65.875,61.32,76.455,85.95,140.94,187.75,214.69,224.75,191.06,140.45,95.245,79.96,76.57,65.115,46,30.75,28.625,28.875,28.75
08/04/2022,28.5,28.625,28.75,28.375,27.5,25.875,23.6,28.115,55.18,106.13,160.25,188.03,199.08,183.29,150.18,69.92,50.08,31.35,24.065,28.25,26.375,27.375,26.625,26.25
09/04/2022,28,26.5,26.75,27,25.5,23.25,23.11,30.66,82.75,160.1,206.28,238.52,257.01,260.34,242.18,207.06,145.57,73.55,24.855,26.75,29,26.75,26.125,26.5
10/04/2022,27.75,26.5,26.25,26.125,26.625,23,20.52,27.99,75.74,131.93,179.6,198.87,221.49,221.57,202.91,171.07,121.28,61.535,34.125,33.625,30.125,27.875,27.125,26.75
11/04/2022,28.75,26.625,26.625,28,25.25,23.375,23.435,30.76,75.35,115.565,164.31,226.11,242.91,245.44,232.89,200.68,145.5,82.22,64.955,45.75,31.25,25,25.125,24.625
12/04/2022,25.125,26,24.875,24.75,23.625,23.625,21.975,50.85,86.625,86.885,127.705,136.57,194.42,153.17,171.22,167.73,134.73,73.05,26.62,37.75,31,27.875,28,25.5
13/04/2022,24.875,25.25,24.75,26.75,23.375,20.625,18.65,35.17,92.25,121.97,191.62,233.88,260.62,245.47,246.11,210.14,150.12,76.91,28.475,33.685,35.375,25.75,25.125,26.125
14/04/2022,25,25.625,25,24.75,24.75,20.75,18.275,33.675,94.77,164.98,216.55,248.02,267.01,266.21,247.3,211.3,149.8,78.17,31.11,32.51,31.75,24.75,26,24.875
15/04/2022,24.625,26,24.25,25.25,24.125,20.375,19.265,33.025,94.25,159.64,208.56,241.71,260.37,261.48,245,209.47,148.44,58.4,24.79,25.25,24.375,26.25,24.875,26
16/04/2022,24.25,24.5,25.5,24.75,24.625,20.625,17.8,28.185,67.26,157.56,214.6,242.32,242.12,227.14,151.4,141.43,151.33,73.04,26.185,27.5,26.125,27.625,26.125,25.625
17/04/2022,27,25.75,27,25.25,24.5,22.625,18.575,35.915,83.2,130.77,173.57,194.68,212.82,217.97,187.6,159.02,114.34,62.18,26.995,25.77,27.5,25.625,31.5,36.875
18/04/2022,36.25,35.25,29,25.75,25.875,21.625,20.99,27.325,79.05,124.23,157.19,156.05,155.48,117.31,84.33,70.62,61.16,32.845,24.725,31.875,30.625,28.625,25.25,33
19/04/2022,31.5,29.375,34.875,35.5,31.625,29.375,23.59,25.34,60.34,71.96,123.95,92.18,130.89,183.21,167.08,152.55,116.42,61.03,26.77,31.28,29.25,30.75,29.5,31.125
20/04/2022,29.625,30,30.125,28.375,28.75,24.375,23.59,37.575,83.32,159,171.49,252.92,239.02,253.63,235.61,166.26,157.82,79.75,33.625,35.235,35.25,36.25,35,35
21/04/2022,36,35.25,34.625,35,35,30.875,28.9,42.73,76.87,129.31,215.85,246.46,264.22,263.41,247.36,211.59,153.54,80.96,33.995,35.125,35.25,35.75,32.125,33.375
22/04/2022,40.25,33.5,30.75,31,29.75,26.75,24.21,35.12,94.88,162.35,171.9,181.93,229.1,204.85,204.82,168.38,87.32,58.445,31.665,30.68,32.25,33.25,37.25,37
23/04/2022,31.75,31.625,32,31.625,29.875,28.125,24.25,29.53,57.82,141.28,194.31,227.32,242.25,234.5,224.99,165.23,103.27,54.59,30.6,32.66,31.25,31,31,30.25
24/04/2022,30.875,30.125,32.25,30.5,28.75,25.875,29.015,71.28,133.37,168.74,170.11,200.82,198.07,205.67,177.575,136.245,88.88,67.105,62.785,50.03,36.5,36.75,38.25,39
25/04/2022,27.25,27.75,26.875,27.875,24.25,22.25,19.32,61.82,145.85,184.51,209.835,251.385,262.08,266.28,206.675,158.375,127.005,109.33,109.515,93.245,67.375,51.875,51,44.25
26/04/2022,41.625,39.75,34.75,33.875,32.25,30,27.475,73.705,145.075,198.135,214.575,244.225,259.715,262.32,217.385,175.96,155.115,149.44,118.375,108.665,95.125,64.875,62.75,50
27/04/2022,48.25,43.5,41,40.875,36.625,33.5,32.2,82.575,162.685,212.9,226.93,248.38,254.7,264.215,224.035,183.9,137.91,79.87,48.905,45.665,31,28.875,36.625,36.75
28/04/2022,33,28.25,26.25,28.25,25,21.375,19.45,85.185,164.495,198.36,191.33,255.71,266.105,251.725,218.63,185.87,135.315,85.795,57.67,55.325,41.75,45.75,30.125,28.875
29/04/2022,30,28.5,28.25,27.75,26.75,24.25,20.935,48.625,92.975,146.63,188.97,215.45,227.09,227.68,206.79,157.1,118.85,45.96,22.825,25.775,26.75,27.5,25.625,25.375
30/04/2022,25,27.375,25.25,25.625,24,20.25,19.87,30.89,68.48,111.57,154.51,187.26,203.13,203.12,184.89,149.61,106.91,57.82,24.52,25.915,28.125,25.375,25.375,25.5
01/05/2022,25.375,27.25,25.375,25.375,23.875,20.375,20.5,63.915,164.07,226.485,255.24,264.07,277.05,289.205,232.155,219.66,205.69,183.85,160.395,115.945,78.5,61.375,53.375,49.5
02/05/2022,35,28.25,28,26.75,25.75,21.25,19.41,84.97,163.065,214.265,225.345,243.845,276.22,301.985,213.645,170.06,142.585,129.385,103.445,64.015,34.375,33.875,32.25,31.75
03/05/2022,31.75,31.5,31.25,30.5,29.25,24.5,28.075,102.355,226.6,340.005,405,430.2,406.45,399,301.13,244.45,172.835,112.81,61.205,46.67,28.125,28,29,27.5
04/05/2022,27.625,27.5,27.375,26.25,23.625,22.625,18.49,95.31,191.855,211.585,198.76,199.8,170.77,172.1,166.595,167.675,127.415,59.795,34.09,39.01,30.375,30.125,27.5,27.75
05/05/2022,29.5,27.375,27.375,28.25,23.25,20.25,19.26,43.59,81.335,106.76,149.69,167.94,188.74,202.08,191.85,147.41,132.29,72.03,38.055,45.615,45,43,43.375,43
06/05/2022,41,40.75,41.875,39.125,35.25,34.125,29.995,41.96,69.36,93.85,131.275,133.89,148.82,171.93,175.29,161.38,114.96,63.33,27.405,28.73,29.25,31.125,29.25,28.875
07/05/2022,29.75,30,28.5,27.375,26.125,21.25,20.145,39.515,96.05,142.21,186.9,221.49,236.94,236.03,219.75,186.37,135.14,74.46,29.88,28.445,30.875,29.375,29.5,30
08/05/2022,28.625,28.75,29.25,28.25,23.875,21.125,20.97,57.37,177.14,227.29,246.915,270.285,250.3,252.13,218.54,187.42,158.09,124.38,98.47,68.62,47.75,39.5,36,27.75
09/05/2022,28,27.625,27.125,28.75,23.75,20,18.605,74.475,190.96,253.76,273.15,333.085,367.355,354.37,286.23,245.425,202.265,171.645,137.095,93.73,54.5,33.25,31.125,30.25
10/05/2022,30.875,29.375,30.625,28.25,26.25,21.26,22.03,84.65,196.81,253.29,260.44,287.64,285.94,283.435,256.325,203.815,164.065,105.17,86.77,56.57,30.5,28,29.75,27.375
11/05/2022,27.875,28.75,27.5,28.25,23,19.75,20.11,103.92,191.565,243.005,250.075,282.405,282.135,286.515,237.555,227.1,239.745,210.4,185.67,149.6,95.5,64.5,46.75,34.75
12/05/2022,35.75,33.75,35.125,32.75,30.375,28.8,25.96,96.34,207.095,250.885,254.19,280.8,284.4,294.22,218.54,190.365,155.14,121.385,96.05,84.335,50.625,51,45.25,35.625
13/05/2022,37.125,34.375,36,33.375,30.875,29.945,26.845,42.495,93.185,129.34,169.72,205.78,213.71,211.2,191.94,157.14,111,57.28,25.555,25.97,27.375,27.875,26.5,26.5
14/05/2022,26,26.125,25.875,24.75,22.375,21.645,18.49,38.73,80.97,126.34,161.41,180.89,179.87,165.05,138.15,130,81.42,32.235,24.4,27.165,27.75,27.75,27,28.25
15/05/2022,26.5,26.625,26.75,25.25,22.625,21,20.44,103.38,204.32,268.45,265.66,290.47,297.555,290.87,216.145,180.5,140.2,106.37,101.895,93.67,49.625,39.75,39,37.625
16/05/2022,40,36.75,36.875,36.75,31.75,31.15,32.02,89.075,192.94,259.37,274.015,279.05,282.075,299.375,260.51,223.88,163.99,155.17,162.85,105.95,50,38.75,36,36.5
17/05/2022,35.75,35.5,35.375,35.25,31.125,28,25.17,104.64,212.04,270.925,259.655,278.195,294.545,269.935,231.505,204.125,166.23,138.285,77.84,50.64,57,43.75,32.5,31.125
18/05/2022,31.375,31,30.875,30.375,28.25,23.5,21.94,73.12,188.35,242.34,294.285,300.12,262.11,233.325,217.28,185.23,150.19,102.79,48.285,36.575,29.5,29.875,30.375,28.625
19/05/2022,29.125,28.5,28.625,27.875,24.125,22.915,19.335,33.88,91.76,144.06,185.4,208.69,232.97,233.66,216.6,182.65,130.11,75.155,46.145,36.435,35.75,37.125,35.125,35.25
20/05/2022,34.75,36.5,34.75,34.75,30.125,27.015,25.75,53.41,97.33,139.32,172.07,215.2,231.67,228.94,208.02,161.54,134.12,62.12,34.43,28.07,29.125,30.125,28.375,27.75
21/05/2022,28.25,30.375,27.75,27.375,23.625,20.08,19.53,39.2,74.36,108.91,156.37,170.02,172.28,120.37,104.26,56.84,35.09,39.72,24.52,26.875,28.375,28.125,29.625,28.25
22/05/2022,27.5,28.125,27.875,27.5,23.5,20.5,16.775,68.39,176.825,233.25,241.85,223.77,215.46,227.28,182.055,152.585,119.71,90.42,78.44,62.8,43,32.25,28.625,29.5
23/05/2022,29.875,28.75,28.375,28,25.875,20.59,18.84,93.42,203.25,242.435,236.735,242.73,281.56,292.115,208.575,169.025,162.335,156.08,141.86,110.465,59.125,43.25,44.5,43
24/05/2022,41.625,41.875,43,40.5,37,33.505,32.505,77.735,202.965,272.86,294.015,314.105,306.76,338.305,267.635,208.765,169.03,125.055,84.995,76.345,58.5,49.75,44.625,44.625
25/05/2022,43.875,41.625,41.5,39.75,36.75,32.04,31.465,95.995,211.865,278.975,284.075,334.18,327.345,301.045,275.67,250.47,208.475,194.405,181.705,108.85,75.875,36.375,33,30.875
26/05/2022,30.625,30.25,30.5,29.875,25.875,23.66,21.6,90.65,233.44,321.44,303.03,341.035,367.055,387.64,261.895,228.58,181.935,158.88,131.42,80.46,43.75,43.75,44.25,43.125
27/05/2022,42.75,42.25,42,41.375,36,30.42,32.04,73.97,131.57,140.635,173.5,202.24,214.88,213.19,194.99,159.79,113.39,70.99,59.025,59.205,60.25,59.875,57.75,52.125
28/05/2022,57.875,56,57.25,54.875,51,47.545,46.07,49.11,84.42,130.64,169.8,199.07,214.94,213.18,196.21,163.96,118.49,69.93,57.275,59.735,58.5,57.25,55,50
29/05/2022,55,54.875,56.125,55,50.5,47.52,46.185,120.055,260.955,290.225,323.91,369.39,349.255,325.605,277.25,215.965,155.705,191.63,161.76,145.75,114.375,75,70,69.25
30/05/2022,68.125,65.25,67,64.75,62.625,58.75,57.94,117.93,236.805,334.08,312.74,349.03,373.415,388.95,277.725,207.84,200.55,159.63,128.38,98.615,61.375,39.5,41,38.75
31/05/2022,37.75,37.75,38.75,37.25,32.75,29.46,30.43,118.23,262.9,323.53,374.29,367.6,385.95,366.91,271.97,225.23,186.14,98.82,76.8,73.45,55.25,45.75,34.5,29.625
01/06/2022,31.125,29.25,29.25,28.5,24.625,22.505,21.64,108.16,289.205,351.115,321.8,336.065,345.47,358.805,301.535,244.505,210.625,156.915,90.8,69.47,62.5,31.5,30.25,31.25
02/06/2022,29.75,29.25,29.5,28.75,25.75,21.74,21.155,104.25,237.415,326.64,337.28,352.37,337.36,327.78,243.305,215.235,179.94,165.66,118.94,116,59.625,28.375,30,28.25
03/06/2022,27.375,28.125,28.5,27.5,23.375,21.415,19.42,59.985,99.895,141.91,183.41,209.68,226.72,227.3,211.87,186.84,141.45,83.03,33.67,28.34,28.75,28.375,29.5,28
04/06/2022,27.5,27.875,29.5,27,23.25,19.82,21.045,41.78,95.07,147.5,188.83,213.48,229.31,232.48,217.57,186.74,139.26,83.27,33.155,27.6,28.125,29.625,28.25,27.75
05/06/2022,27.75,29.625,27.5,27.375,23.375,21.645,19.63,42.69,95.51,146.11,185.42,211.58,228.2,231.33,215.97,183.67,138.19,81.65,32.87,27.905,29.125,30.75,28.5,27.75
06/06/2022,29.5,28.125,27.875,27.375,24.875,19.98,21.535,51.305,85.735,124.8,159.89,184.2,195.79,197.77,183.97,158.35,117.15,67.955,55.025,59.635,52.25,49,48.875,50.375
07/06/2022,48.625,48.5,48.125,48.5,43.625,39.06,38.73,109.365,308.035,376.995,396.83,446.675,427.005,412.545,329.705,282.46,277.77,240.035,211.845,159.99,138,108.625,62.375,52.75
08/06/2022,47.75,48,50.625,48.75,44.125,41.485,40.31,90.005,354.705,388.555,349.27,404.48,420.945,406.985,353.04,299,258.91,204.6,124.405,45.78,30.25,29.25,29.25,28.625
09/06/2022,28.75,28.5,29.875,27.875,24.25,20.55,28.15,166.41,287.53,379.27,368.95,414.75,393.55,386.11,307.04,250.01,197.22,172.66,110.7,95.91,68.5,48.375,39.625,41
10/06/2022,37.75,39.625,40.25,40.375,36.625,33.165,29.995,62.705,117.01,143.01,182.72,209.39,227.37,228.63,216.13,185.69,138.98,83.1,33.595,30.08,30.375,29.75,29.25,29.25
11/06/2022,30.125,28.75,28.75,28.125,25.375,21.375,19.71,41.58,93.02,143.84,182.12,204.89,216.8,217.03,202.73,166.24,119.63,72.18,33.82,29.46,30.375,29.625,29.25,30.875
12/06/2022,29.625,29.25,29,28.5,26,21.31,19.995,187.095,276.125,330.75,297.5,258.375,234.375,224.375,163.625,155.625,163.625,199.5,199.625,172.5,105.25,56.375,33.125,31.5
13/06/2022,30.75,31.25,30,30,28.75,26.24,22.85,164.635,334.165,406.73,375.57,389.565,371.64,395.785,308.555,261.085,248.475,204.99,153.375,109.2,85.25,68.25,65.75,67.125
14/06/2022,60.25,62.5,63.125,63.125,60.625,55.01,66.28,162.925,287.505,366.92,354.935,392.4,329.14,309.585,258.125,207.005,191.465,187.115,120.705,88.88,33.75,27.625,27.875,26.875
15/06/2022,28.625,26.875,26.25,27.75,25.375,20.935,59.18,168.14,235.255,316.5,340.845,366.285,329.685,304.935,303.135,288.98,237.1,198.38,163.58,124.88,113.125,78.75,49.875,47.625
16/06/2022,49.375,45.375,44.75,44.375,44.25,38.81,52.31,175.23,275.82,408.01,391.79,395.09,313.07,288.895,258.025,215.7,163.05,148.66,145.525,93.495,44.5,30,28.5,27.75
17/06/2022,28,30,28.375,28,26.875,24.28,20.545,68.385,117.92,135.655,179.28,204.78,218.81,218.31,202.23,172.96,122.54,79.08,37.88,36.745,36.125,35.875,35.25,36.25
18/06/2022,35,34.875,34.25,35,34.375,29.435,27.395,38.305,76.48,122.97,177.14,205.06,221.51,222.96,208.81,181.24,136.09,81.39,53.99,66.74,81.375,100.75,88.125,72.875
19/06/2022,77,73.375,67,61.625,60,57.28,66.085,177.805,233.365,290.32,365.67,390.505,343.72,321.15,278.73,269.35,240.81,229.545,241.62,209.405,113.75,118.375,75.375,61.25
20/06/2022,58.625,58.5,55.125,55,50,46.43,52.29,162.24,257.17,351.93,387.195,421.255,285.88,238.72,229.79,226.36,178.67,162.69,103.83,63.53,45.25,28,27.25,26.875
21/06/2022,28.375,27,26.75,27,25,22.48,21.305,54.24,106.865,164.3,189.47,209.27,223.29,222.64,214.08,183.92,137.29,95.71,96.89,91.98,67.125,59.125,61.125,57.625
22/06/2022,57.5,57.25,56.375,56.875,54.25,49.98,48.53,82.695,128.205,154.43,172.085,201.695,214.72,204.06,198.105,171.875,143.37,105.07,50.71,29.42,28,29.25,28.375,27.125
23/06/2022,27,28.75,26.875,26.875,25.125,21.275,31.105,94.52,137.43,189.545,216.65,209.995,195.365,191.74,180.03,155.685,122.235,79.89,86.54,73.08,36.5,33.25,32.75,32.25
24/06/2022,32.875,31.5,31.375,31,29.5,27.785,24.535,66.065,103.915,134.62,174.33,200.36,215,218.86,206.27,176.95,133.52,80.965,56.94,56.015,55.625,55.125,60.75,59
25/06/2022,58.625,57.5,55.875,57.5,54.25,48.16,44.035,47.33,82.935,115.645,156.86,173.87,191.81,188.94,175.64,131.105,108.16,75.87,63.53,55.805,53,52.875,52.75,52.75
26/06/2022,50.75,49.25,49.25,49.375,49.75,42.86,44.025,61.81,90.5,136.23,183.91,209.53,224.13,224.74,210.33,182.56,139.4,84.6,51.66,37.11,37,39.125,49.125,45.5
27/06/2022,47.875,44.125,44.125,42.625,41.125,35.535,34.16,42,88.54,140.56,175.43,203.98,220.1,221.53,208.98,181.01,137.46,97.84,84.51,94.58,88.5,80.875,69.875,46.75
28/06/2022,48.375,44.875,45.75,45.25,44.75,38.755,38.905,92.005,157.055,227.24,222.125,234.875,229.65,223.35,207.88,180.17,139.28,116.275,78.325,63.385,60.5,57.625,53.25,51.125
29/06/2022,47.125,45,44.25,46.5,43.25,38.92,40.17,97.36,135.845,209.915,240.66,263.03,227.065,231.875,216.29,184.48,139.96,91.93,75.83,79.525,74.125,71.125,47.5,46
30/06/2022,44.375,42.5,44,42.625,40.625,36.535,34.225,63.355,166.785,202.26,245.64,267.07,248.73,222.88,217.34,189.3,195.02,191.71,73.79,41.45,31.5,30.5,30.125,29.25
01/07/2022,30.625,28.375,28.375,28.75,26.75,24.235,19.515,53.865,95.905,134.94,170.34,206.3,221.67,224.12,211.21,182.38,138.55,82.72,33.925,27.44,30.375,28,27.5,27
02/07/2022,27.5,28.625,27.375,27.125,25.5,21.84,19.365,37.22,80.45,135.45,176.81,205.07,220.26,220.79,208.31,178.95,135.38,83.23,34,27.725,29.125,32.625,38.125,36.875
03/07/2022,36.875,34.875,28.375,27.75,26.75,22.745,20.665,92.45,157.83,213.27,195.87,206.11,218.825,219.56,208.475,180.77,136.825,100.135,93.19,90.3,91.875,86.875,86.25,83.375
04/07/2022,84.875,81,80.375,79.875,80.5,73.08,71.225,113.79,157.55,167.735,192.88,208.2,215.69,217.71,209.07,183.935,148.015,107.58,97.28,75.035,29.125,30.125,27.875,29
05/07/2022,27.5,28.5,27,26.875,27.875,21.715,20.235,103.23,175.075,204.75,259.505,253.885,270.95,259.905,229.75,199.045,154.545,108.2,93.38,88.11,58.375,49.125,49.5,48.125
06/07/2022,47.75,49,47,48.375,46.25,41.8,40.145,121.885,223.67,225.57,257.955,252.045,243.515,250.145,239.08,198.72,154.43,123.39,106.59,72.22,47.875,46.625,47,44.75
07/07/2022,46.25,44.625,42.375,44,41.75,38.84,32.1,75.57,177.785,193.81,180.795,197.4,213.29,209.105,205.12,181.31,142.225,123.185,82.975,27.85,31.25,30.375,29.25,28.375
08/07/2022,29.5,28.125,27.125,28.25,27.5,22.79,18.06,42.08,95.17,146.13,187.17,214.5,221.57,229.9,215.03,188.24,148.45,99.15,40.015,27.425,29.25,28.875,30.625,28
09/07/2022,28,27.75,29,27.5,26.75,22.26,20.66,40.79,102.94,157.77,200.35,231.61,246.59,246.63,233.85,209.11,163.97,103.9,40.695,27.845,30,28.5,28.375,28.125
10/07/2022,29.75,27.75,28.25,27.625,26.625,23.695,19.05,99.135,189.135,188.415,216.025,266.295,256.14,254.56,256.88,209.71,165.21,129.475,82.255,45.56,30,29.5,27.5,28.5
11/07/2022,27.5,26.75,28,27.25,26.25,21.8,18.93,99.28,168.01,202.24,225.49,241.845,253.265,252.805,240.98,218.425,166.59,105.74,42.31,28.88,30.25,28.125,27.125,27.5
12/07/2022,27.75,26.75,26.5,28.375,25.875,21.405,19.37,77.095,114.67,172.23,202.405,230.015,251.06,250.2,236.7,210.43,162.99,121.945,105.4,85.095,83.625,81.25,82.875,81.125
13/07/2022,79.375,77.25,79.375,76.625,75,72.52,67.845,149.17,205.74,247.525,234.52,240.915,249.815,253.93,245.295,214.99,171.425,147.39,124.39,55.86,52.75,53.75,50.75,48.375
14/07/2022,48.625,50.125,48.5,48.25,48.125,42.31,37.99,127.25,152.92,191.445,207.335,233.07,249.32,252.14,237.88,209.33,163.83,102.46,63.965,48.485,48.75,50.5,47.5,46.75
15/07/2022,45.75,47,46.25,45.5,45.5,40.625,36.155,44.47,94.205,139.83,170.17,225.73,243.47,251.64,238.73,210.06,162.99,102.63,52.08,49.315,49.25,48.75,48.25,45.75
16/07/2022,45.625,45.5,46.125,45.125,44.375,40.79,36.46,43.585,88.575,145.59,180.23,235.07,228.19,248.03,242.26,206.57,159.88,100.72,51.28,47.25,47.125,47.125,46.375,46.25
17/07/2022,44,43.75,43.75,45.375,43.75,38.5,36.68,78.4,100.275,160.745,201.78,231.99,249.71,253.85,240.37,211.36,162.99,101.62,61.605,58.745,60,57.25,54,51.625
18/07/2022,54.375,51.625,52.125,51,53,45.51,43.14,51.12,102.33,156.65,200.71,227.75,246.22,249.99,240.35,212.55,163.98,109.175,71.585,60.975,56.375,53.5,52.75,52
19/07/2022,50,49.25,50,49.25,48.75,43.75,41.945,50.185,97.32,155.11,199.1,229.93,246.5,250.35,237.38,208.4,159.7,100.06,65.805,58.355,59.375,58.25,56.375,56.25
20/07/2022,55.625,55.625,53.5,53.5,53.75,47.875,45.155,55.85,119.95,183.35,208.3,226.38,245.54,248.2,235.2,207.28,160.71,109.96,104.85,99.11,98.5,94.75,90,85.5
21/07/2022,82.375,83.625,80.5,78.5,80.625,73.125,70.47,52.63,97.81,146.34,197.14,208.18,221.72,222.35,209.88,200.64,157.57,142.925,68.925,57.3,58.5,56.75,57.25,53.75
22/07/2022,53.75,56,53.25,52.75,54.125,49.375,45.25,35.5,89.66,128.92,167.98,206.36,221.21,223.69,213.13,186.95,144.01,90.41,37.005,27.765,31.125,29.125,28,29.625
23/07/2022,28.125,28,29,27.625,27.75,24.875,19.265,31.005,64.73,140.77,177.14,203.82,219.6,223.44,210.87,185.05,142.53,88.69,37.66,28.19,29.75,30.75,30.125,28.75
24/07/2022,28.875,28.5,28.125,27.875,28.625,23.375,19.17,65.36,111.89,157.85,179.525,222.775,234.18,233.92,221.88,194.05,149.9,99.26,74.28,34.55,32,28.5,28.5,30
25/07/2022,28,29.5,28.125,28,29.625,23.625,19.13,67.53,108.795,147.28,187.515,212.285,231.59,233.63,223.22,197.04,150.32,121.81,123.965,115.625,110.5,108.875,104.625,102.375
26/07/2022,99.375,98,97.375,94.75,93.875,88.25,84.15,101.21,99.65,145.68,189.05,214.54,232.71,237.12,226.34,218.04,167.45,148.605,138.895,124.75,112,109.75,108,103.75
27/07/2022,98.75,99.75,95.25,91.625,89.125,84.5,79.66,110.25,156.005,210.785,275.57,240.915,247.865,250.99,253.02,251.94,227.875,217.075,193.95,187.15,183.375,177.625,175,172.875
28/07/2022,172.25,165.625,163,161.5,160,152.75,149.555,167.455,165.905,183.37,226.265,240.2,253.38,309.62,289.07,249.535,202.08,134.45,126.725,115.945,113.875,110,105.75,104.75
29/07/2022,103.375,103.75,101.125,101.375,97.625,94.375,90.57,92.365,105.04,141.93,181.8,209.02,229.14,232.73,219.65,191.08,145.34,112.99,114.65,112.315,107.875,102.625,103.25,97.625
30/07/2022,98,96.5,96.375,98,96.25,88.875,83.98,86.28,104.225,137.62,180.49,208.29,224.86,228.37,216.17,188.89,140.43,106.345,105.22,98.96,95.75,94.875,94.375,91.5
31/07/2022,90.5,86.5,90.625,89.625,89.375,82.5,79.895,105.625,139.775,180.79,192.9,213.7,228.33,233.99,220.61,193.78,147.94,102.235,92.825,90.705,88,87.875,87,86.625
01/08/2022,83.25,84.5,83.875,82.5,81.875,79.25,74.945,94.24,121.545,160.825,205.825,261.305,268.355,260.445,226.64,202.545,201.355,177.68,114.88,105.74,100.5,98.125,84.125,66.5
02/08/2022,66.5,65.125,65.625,64.5,66,61,58.135,110.45,146.385,167.31,186.815,206.89,221.29,223.47,214.11,188.505,163.97,153.19,139.68,133.01,131,129.25,124,120.5
03/08/2022,118.5,118.25,115.25,117.375,115,108.75,106.345,141.89,168.76,168.23,176.14,204.08,250.505,227.53,208.89,187.075,143.72,147.365,142.945,133.365,121.875,121.25,116.75,114.625
04/08/2022,108.875,108.75,110.875,108.875,107.125,103.125,99.665,148.68,179.925,214.215,208.995,202.98,214.45,214.84,198.92,169.11,129.635,108.435,78.805,67.695,68.375,70.125,67.75,66.5
05/08/2022,66.25,66.75,67.125,66.125,64.75,61.5,56.505,51.19,71.31,125.85,167.26,190.91,213.16,214.01,200.48,172.7,127.51,74.41,32.24,29.535,32,31,30.75,30.875
06/08/2022,30.5,31.125,30,29.625,29.5,26.125,22.09,32.26,59.5,127.35,169.42,196.31,207.7,212.9,200.01,172.56,127.98,72.54,30.965,29.895,32.5,30.25,30.125,30.25
07/08/2022,29.875,30.75,29.75,29.75,29.375,25.875,23.035,53.715,186.295,190.925,181.68,200.45,214.42,215.95,204.21,178.46,165.71,162.82,155.71,147.61,141.25,138.375,132.875,131.25
08/08/2022,127,129.25,124.75,124,123,118,113.37,150.175,187.185,193.305,195.315,210.44,216.89,225.81,210.94,192.635,183.905,166.92,154.605,146.92,146.875,143.125,137.75,136.375
09/08/2022,137,137.375,138.625,131.25,131.25,125.375,123.205,156.57,176.34,181.52,177.39,174.31,185.74,187.72,175.76,151.37,110.86,81.15,85.89,84.56,87.5,86.25,81.75,82.5
10/08/2022,80.875,81.5,81.5,79.375,80.375,76.625,69.81,105.79,133.065,137.815,181.805,198.505,198.76,199.525,194.015,147.89,130.185,108.895,107.47,78.46,74.5,75.375,73.625,72.375
11/08/2022,72,72.625,72.5,70.625,73.125,68.25,60.925,138.225,139.95,138.705,170.75,205.175,214.44,231.51,223.9,193.58,144.7,88.72,79.13,58.42,53.875,52.5,52.625,54
12/08/2022,52.875,54.25,54.375,53.875,54.875,49.75,45.97,55.18,79.7,146.44,164.51,181.57,163.98,170.46,214.48,178.67,142.93,83.19,44.68,45.7,47.75,45,43.75,42.75
13/08/2022,42.625,43.625,44,43,41.125,38.125,35.25,37.865,91.8,117.01,150.675,189.36,239.73,210.23,210.235,197.8,127.665,80.88,44.32,44.735,45.125,44.25,43.375,41.75
14/08/2022,42.875,41.25,41,41.5,41.875,37.25,32.135,71.14,141.34,168.27,190.58,219.55,236.19,241.03,225.47,193.88,157.56,96.63,75.185,46.075,43.875,44,43.625,42.5
15/08/2022,42,42.5,41.625,41.625,41.375,40.25,33.725,101.67,159.77,211.285,218.38,246.875,240.685,242.88,231.95,201.225,153.1,130.775,122.93,122.165,140.125,105.875,100.875,102.75
16/08/2022,102.375,97.625,98.25,99.25,93.125,93,88.9,176.65,234.1,264.38,269.08,275.925,308.085,281.91,265.68,255.74,268.39,221.99,203.74,222.87,202.25,170.375,168.375,165.125
17/08/2022,162.625,164,161.125,157.625,156.875,152.375,151.04,171.17,192.65,197.1,229.47,263.67,269.21,255.73,242.03,249.415,248.765,230.76,197.34,148.49,163,124.875,124.625,120.75
18/08/2022,123.75,118,116.875,119.625,113,113.25,103.635,91.19,190.525,255.49,258.22,308.35,273.29,241.45,224.38,194.33,146.045,114.975,89.29,118.025,92.875,64.75,64.5,62.375
19/08/2022,62.625,62.75,61.625,60.125,60,57.75,50.96,48.735,82.9,135.135,158.14,161.84,224.81,242.45,227.36,197.53,144.02,79.89,47.565,46.16,45.375,45.375,43.75,41.5
20/08/2022,41.625,41.875,40.375,39.75,40.25,36.125,32.45,38.39,85.94,144.48,189.64,218.38,232.51,234.58,219.8,186.73,136.85,73.315,43.15,47.32,44.75,45.5,44.875,44.5
21/08/2022,43.25,43.125,42.625,44.125,41.75,38.75,41.045,97.595,271.695,342.095,352.97,369.03,359.74,305.18,288.82,286.87,273.86,266.32,229.22,209.05,189,185.75,179.75,179.5
22/08/2022,175.25,171.875,172.125,171.5,170.75,167.375,156.845,215.96,249.62,273.36,280.2,273.57,260.31,223.39,203,176.13,180.625,188.745,162.55,152.67,141,139.5,136.875,140
23/08/2022,136.5,133.625,134.75,129.5,131,124.5,122.915,110.065,161.26,186.39,241.58,222.695,224.24,218.005,208.635,229.795,215.705,156.02,134.99,137.255,130.5,126.375,110.125,104
24/08/2022,101,101.375,96.625,99.25,97,93.875,90.435,117.28,146.35,225.265,235.12,235.655,240.04,241.78,235.52,224.915,214.67,163.01,129.695,128.65,122.375,124.375,121,113.75
25/08/2022,109.875,111.625,109,109.875,108.125,100.25,94.215,117.75,174.99,192.1,202.09,227.545,236.46,238.945,228.73,206.515,180.905,174.455,135.31,118.37,110.75,110.625,106.625,103
26/08/2022,101.25,99,97.5,97.25,94.75,96.5,87.17,91.49,88.11,124.84,180.83,216.55,241.69,243.25,226.6,188.95,138.01,73.87,27.76,28.09,29,29.25,27.375,27.125
27/08/2022,27.75,27.125,26.75,27.25,26.625,24.5,18.775,29.4,85.26,147.64,195.57,227.91,244.56,245.13,227.85,192.48,139.05,72.32,27.63,28.425,28.875,27.5,27.875,27.5
28/08/2022,27.25,27.25,27.25,27,27.25,25,19.74,58.98,272.33,302.02,309.72,305.505,313.865,312.635,282.875,255.32,245.115,232.29,227.135,209.25,198.625,192.625,187.75,183.125
29/08/2022,181.75,180.875,180.25,175.5,174,169.5,161.76,195.96,231.7,272.765,297.035,291.065,291.385,303.51,296.545,287.655,243.92,236.405,224.815,185.75,111,97.25,95.125,92.375
30/08/2022,92.75,90.25,97.5,104.25,92.75,90.875,84.94,98.8,210.94,256.675,273.48,292.33,285.685,290.135,300.79,312.35,299.39,271.81,250.66,179.375,143.625,134.75,63.125,32.625
31/08/2022,30.25,30,31.25,30.125,29.875,28.25,22.245,99.285,208.05,293.575,309.435,322.99,310.975,294.65,284.995,281.915,255.295,190.1,158.51,177.75,172.75,127.25,118.125,116.375
01/09/2022,118.5,116.375,116.875,115,115.375,114.625,104.09,169.44,382.96,413.07,427.27,485.95,444.59,331.89,257.535,255.145,237.785,183.865,146.21,94.125,106.125,113.125,67.125,65
02/09/2022,63.75,65.125,61.875,61.75,59,58,53.52,36.695,72.8,129.35,172.73,188.41,212.34,212.06,193.96,162.7,112.17,65.635,62.23,30.875,30.875,30.25,29.5,31.25
03/09/2022,29.5,29,29,28.625,28.875,27.25,21.16,28.22,69.57,134.91,151.18,192.6,215.66,215.72,196.69,165.05,114.55,53.71,33.22,35,34.25,32.75,32.75,31.25
04/09/2022,30.75,31.25,31.25,29.875,29.875,28,21.455,200.84,416.24,517.33,495.915,519,518.49,508.29,484.82,374.66,285.96,208.53,148.74,147.125,120.25,80.375,54.875,52.625
05/09/2022,52.375,51.875,51,53.125,50.75,48.125,42.135,134.635,368.735,460.12,437.965,503.215,496.95,447.42,409.155,279.92,180.19,128.445,104.49,110.125,122.5,82,67.25,63.125
06/09/2022,64.125,59.25,60.125,59.125,60.5,58.125,50.43,175.985,354.21,452.03,473.255,471.635,497.52,375,331.58,282.225,206.995,140.81,83.78,68.125,66.625,30,27.875,27
07/09/2022,27.125,28,26.625,26.75,26.375,26,21.6,197.14,359.86,429.83,431.995,477.685,471.235,472.105,459,375.3,278.26,233.63,200.06,169.625,115.125,63.25,60.25,59
08/09/2022,57.25,56.125,54.125,54.875,52.25,50.875,45.69,150.28,378.625,475.585,469.63,492.68,523.145,507.565,484.89,359.845,283.375,241.24,200.95,164.125,141.625,65.5,33.75,28.75
09/09/2022,28.5,28.5,28.375,29.875,27.625,26.125,19.23,24.96,75.985,132.985,180.06,212.74,228.24,226.96,210.64,174.74,120.85,52.92,30.78,33,32.375,31.875,32.5,30.75
10/09/2022,31.25,31,30.5,30.625,31.625,28.75,21.35,23.02,67.6,110.24,155.25,179.82,193.7,192,176.31,145.37,98.31,43.525,31.61,32.375,31.25,31.5,31.5,31
11/09/2022,30.75,30.75,30.75,31.875,29.875,28.75,22.625,155.945,407.72,504.185,479.765,496.35,489.91,473.915,431.705,321.05,254.69,235.92,176.34,129,104.5,74,45.5,31.25
12/09/2022,29.5,29.125,29.125,30.75,29,27.5,20.73,137.205,358.11,429.93,461.685,504.32,493.61,468.625,427.175,320.095,249.035,246.29,193.53,152,108.875,65.125,63.25,64.5
13/09/2022,61.75,61,60.375,61.375,60.625,58.625,51.76,117.86,347.26,405.365,413.165,429.69,428.27,336.26,287.28,235.08,245.09,209.91,184.33,147.5,103.875,33.625,32.75,32.625
14/09/2022,34.125,31.125,30.625,30.375,30.875,28.875,24.795,145.79,360.93,468.57,459.955,485.905,505.43,502.03,450.98,305.21,219.745,188.38,133.275,75,60,31.75,30.375,28.875
15/09/2022,28.375,28.75,28.875,28.75,29,27.25,20.29,144.78,356.075,413.235,369.485,423.915,408.99,382.305,345.325,272.815,196.115,141.91,101.015,69.875,61.25,45.5,30.375,29.125
16/09/2022,28.5,28.5,28.5,28.75,28.25,27.25,19.755,29.9,79.65,142.57,193.18,224.4,241.19,238.74,218.75,178.34,119.06,45.07,28.875,29.5,30.5,29.375,29.125,28.875
17/09/2022,29.125,29,28.625,28.5,28.375,27.75,20.585,26.955,80.73,145.1,197.9,214.59,220.82,235.85,206.88,174.57,116.23,43.915,28.265,29.5,29.5,29,28.75,29.75
18/09/2022,28.625,28.75,28.25,28.375,29.25,27.375,20.145,105.385,409.96,489.765,481.12,511.82,530.48,485.14,453.405,358.31,296.735,266.485,220.655,168.25,123.375,75.375,28.75,28.5
19/09/2022,28.875,28.875,28.375,28.5,28.25,28.125,20.505,170.325,367.58,421.18,400.71,452.78,470.505,460.73,428.24,339.275,252.765,206.48,135.165,66,62.25,59.875,32.25,30.625
20/09/2022,30,29.875,29.875,29.75,30,29.5,24.7,125.83,331.82,402.74,425.295,418.74,471.215,329.22,297.01,248.8,196.805,167.16,136.175,125.5,77.625,55,42.125,42.75
21/09/2022,40.625,39.375,38.875,38.625,38.75,37.25,29.91,149.65,332.08,397.35,415.355,451.175,433.74,427.285,367.535,255.745,225.785,236.41,186.39,150.25,91.625,56.875,31,30.75
22/09/2022,29.75,29.25,28.75,29.25,30,28,21.32,96.745,339.155,408.66,370.33,434.605,437.745,436.835,369.46,236.66,164.695,139.8,105.235,80.625,54.625,55.25,27.875,27.5
23/09/2022,27.25,27.5,27.375,27.125,27.125,26.125,18.63,26.27,78.035,140.61,187.63,215.08,230.04,226.97,207.22,167.97,107.29,34.165,27.445,28.875,29,28.375,28.125,27.625
24/09/2022,27.875,27.75,27.5,27.5,29.25,26.25,19.12,25.45,76.85,139.4,184.91,211.62,225.94,222.44,203.2,163.27,102.91,34.675,27.045,29.25,30.625,28.125,27.5,27.625
25/09/2022,27.625,27.625,27.75,27.625,27.375,26.375,18.89,25.16,56.24,120.89,180.6,209.02,222.04,221.62,202.13,161.47,100.35,33.93,28.075,29.875,28.75,28.125,28.375,27.5
26/09/2022,27.75,28,27.375,27.5,27.375,26.5,19.08,24.9,75.94,138.38,183.5,212.46,229.14,225.37,203.95,163.01,100.85,32.245,26.81,29.125,28.5,28.375,27.625,27.5
27/09/2022,27.5,27.875,27.375,27.625,27.125,26.25,19.02,25.54,75.52,137.18,184.33,211.12,225.12,222.55,202.18,163.06,98.96,31.08,28.09,29.5,29.625,27.875,27.625,27.625
28/09/2022,29.375,27.625,27.25,27.5,27.25,26.5,19.845,121.465,370.42,459.035,455.145,458.26,479.55,437.055,366.975,264.89,232.465,212.765,205.08,157.75,105.125,50.5,28.125,28
29/09/2022,28.25,27.5,27.625,27.625,27.75,28,21.235,113.94,354,433.74,416.45,466.25,501.93,460.13,437.735,292.895,223.715,132.375,68.685,74.25,53.875,60.5,27.625,27.5
30/09/2022,27.25,26.875,26.875,27.625,26.875,26.375,18.525,25.81,68.715,116.74,171.09,199.31,212.77,209.08,189.68,152.74,88.04,29.925,30.03,32.375,30.875,30.125,29.875,30
01/10/2022,29.5,29.625,29.75,29.125,30.25,28.75,21.105,18.67,32.855,71.07,142.43,165.04,174.55,173.69,157.48,124.23,80.39,121.09,136.455,92.125,72.875,36.625,29.75,28.75
02/10/2022,29,30.75,29.25,29.25,29,28.375,62.605,191.915,407.205,488.275,491.67,528.515,537.2,505.2,478.6,321.68,241.36,232.585,232.955,211.875,183.875,125.75,68.5,32.875
03/10/2022,27.125,26.875,27,26.625,26.5,26.25,19.595,132.335,339.18,443.6,453.01,501.715,503.485,445.31,460.345,318.515,268.08,232.4,202.835,142.75,100.25,38.125,28.5,28.75
04/10/2022,28.5,28.375,29.25,28.25,28.5,27.25,19.5,23.07,64.35,118.96,163.03,157.95,204.16,182.8,176.81,136.38,74.61,30.21,28.715,29.625,29,28.75,28.5,28.125
05/10/2022,27.75,27.625,28.125,29,27.25,27,20.005,24.215,34.35,90.04,134.01,178.38,199.22,199.2,180.29,141.55,73.93,28.21,28.07,28.5,30.375,29.375,28.75,27.875
06/10/2022,28.25,28.375,27.75,28,27.125,26.625,20.92,122.135,379.55,453.8,449.805,444.43,412.4,399.375,329.285,228.86,177.855,85.135,80.035,87.625,73.5,59.5,27,26.875
07/10/2022,28.375,26.625,26.5,26.375,26.75,26,19.25,23.9,74.41,78.43,76.19,76.02,95.36,116.38,168.06,123.96,58.25,26.91,26.75,27.75,27.75,27.5,28.25,26
08/10/2022,26.125,25.75,26.125,26.25,26.25,25.5,17.895,20.315,60.4,111.19,151.14,162.31,136.34,151.65,124.06,81.635,56.87,24.445,26.22,27.75,26.75,26.75,26.125,25.625
09/10/2022,27.125,26.125,26.375,26.125,25.75,25.25,17.665,19.12,66.53,110.23,129.33,176.62,162.52,185.23,188.28,142.84,57.07,25.46,25.805,28,27,26.75,25.875,25.625
10/10/2022,25.5,26.5,26,25.5,25.375,24.875,17.425,21.745,68.16,125,150.44,144.1,196.45,206.12,184.39,142.35,63.86,25.015,27.565,27.25,26.625,26.75,25.875,25.625
11/10/2022,26,26.875,25.625,25.625,25.625,25.75,17.695,27.18,65.67,124.82,151.54,156.72,186.705,195.61,177.63,138.42,60.51,27.17,26.795,28.375,28.125,27,26.75,26.5
12/10/2022,27.5,27,26.75,26.625,26.75,26.125,19.95,25.375,64.3,91.645,147.83,156.77,167.38,188.38,163.73,128.34,50.74,26.31,26.32,25.875,26.375,26.75,25.875,25.625
13/10/2022,25.625,27.125,25.875,26.125,26.25,25.625,18.225,18.21,53.575,86.34,100.66,146.33,153.8,180.57,165,119.375,54.01,25.64,26.52,26.5,26.375,26.125,27.25,25.25
14/10/2022,26.5,26.125,25.875,25.875,26.5,26.125,17.6,19.99,64.19,122.16,129.68,138.73,181.76,201.7,175.44,129.55,54.51,25.245,26.175,26.75,26.25,26.25,27.25,25.75
15/10/2022,26,25.75,25.75,26.75,26,25.875,18.035,19.68,62.91,120.62,163.09,189.12,198.48,193.3,169.45,128.9,52.465,24.825,25.895,26.25,27.25,26.5,26.375,27.125
16/10/2022,26,25.875,25.875,25.875,25.875,25.625,19.12,44.05,50.78,88.35,122.31,142.6,150.42,146.68,128.23,94.07,35.745,22.735,26.5,26.875,26.625,27.125,25.75,25.625
17/10/2022,26,26,25.75,25.5,26.5,25.25,18.09,19.63,57.98,114.85,157.44,185.6,176.39,194.17,173.68,130.3,47.05,25.395,25.5,26.125,26.25,26.125,25.5,25.375
18/10/2022,26.875,25.375,25.125,25.25,25.125,25.25,18.81,35.95,85.19,118.085,156.56,143.475,151.32,159.18,165.69,122.785,103.335,93.32,90.625,88.875,87,81,78.625,79.125
19/10/2022,76.625,77.25,74.875,76,72.625,73.625,63.925,131.305,306.365,356.595,375.96,375.84,384.72,358.855,326.985,241.26,170.085,148.06,136,109.625,71.5,28.5,26.25,26
20/10/2022,26,25.5,27.75,25.625,25.375,25.25,18.425,98.13,284.215,338.31,330.24,357.715,356.135,349.57,317.46,233.56,192.34,180.49,139.25,114.75,85.5,53.75,29.375,27.875
21/10/2022,29.375,28.125,28,28.75,28.75,29.75,21.5,24.18,57.87,104.33,115.56,115.2,114.81,108.13,178.77,136.75,48.32,25.46,26.125,27.375,27.625,27.875,27,26.375
22/10/2022,26.625,27.875,26.625,26.5,27,26.25,20.125,19.47,59.46,121.33,173.52,185.09,146.49,208.78,183.83,133.21,46.385,25.89,26.25,26.5,27.125,27.875,26.625,26.625
23/10/2022,26.875,26,27.25,25.875,26.25,26.25,19.26,102.425,296.955,349.76,348.82,388.41,391.525,368.105,332.71,241.41,172.475,135.395,101.75,75.125,31.75,29.625,28.25,29.5
24/10/2022,28,27.625,28.375,26.75,28.125,26.75,21.635,72.765,211.91,319.14,340.925,333.005,348.555,313.02,340.675,213,152.72,129.79,117.25,103.375,80.75,39.125,29,30.25
25/10/2022,28.625,28,29,28.125,28.125,28,26.625,69.685,192.48,276.89,326.815,332.755,340.215,289.785,253.25,216.22,215.21,157.7,87.875,70,61.125,40.75,39.875,37
26/10/2022,36.375,37.875,36.75,36.375,35,34.875,31.75,95.635,186.79,268.52,281.715,297.85,335.105,348.01,297.375,218.255,158.065,122.05,101.375,101.125,74.125,46.25,45.5,45.25
27/10/2022,43.5,42.625,44.125,41,40.875,42.375,36.125,92.735,240.205,298.715,301.32,305.28,334.12,358.34,328.345,244.015,186.45,126.49,102.875,106.875,83,38.875,37.625,36.125
28/10/2022,35.25,36.625,35.5,34.75,34.5,34.75,27.25,37.22,58.35,112.54,161.76,189.16,201.4,192.1,165.13,112.24,40.845,34.635,36,37.375,36.625,36.5,36.5,35.125
29/10/2022,34.375,34,35,33.5,35.125,33.5,26.5,25.435,52.81,105.99,153.74,181.03,193.61,189.27,162.9,105.88,39.77,35.44,36.875,36.5,38.75,36.125,36.125,36.875
30/10/2022,35.25,71,36,35.375,35.625,31.75,29.345,112.875,302.5,363.81,359.76,325.05,379.48,351.35,315.13,232.795,180.385,123.75,123,81.75,59.75,41.25,40,40.5
31/10/2022,39.5,40.375,39.125,38.75,38.25,34.25,36.425,109.545,290.73,322.76,321.14,346.62,352.03,341.865,326.345,223.97,145.92,123.375,113.875,83.75,53.25,44.625,44.125,43.5
01/11/2022,44,43.125,42.625,40.5,42.5,37,34.1,55.435,114.19,149.79,139.97,166.37,198.91,173.03,108.3,39.115,39.825,45.5,42.625,42,43,42,42.625,41.875
02/11/2022,41.25,40.75,39.75,40.125,38.25,36.63,39.385,101.685,226.595,281.48,284.18,304.09,318.28,315.09,270.745,211.78,179.285,144.625,94.375,57.5,48,34.25,33.125,32.625
03/11/2022,32.25,33.5,32.5,32.375,31.375,28,23.875,60.175,224.265,266.785,273.275,303.465,313.74,308.56,278.45,191.91,133.285,69.125,89,101,51.875,35.625,37.25,40
04/11/2022,28.75,28.375,27.875,27.875,26.875,23.5,18.91,52.47,112.93,160.53,190.1,199.13,194.9,169.37,94.41,36.06,26.65,27.25,28.625,26.875,26.75,26.75,26.875,26.375
05/11/2022,26.25,26.25,26,25.625,25.875,22.75,17.63,50.285,110.97,159.32,189.1,192.41,175.74,156.92,92.91,33.205,26.29,27.25,27.75,27,27.25,27,26.75,26.625
06/11/2022,26.625,26.75,26.125,27,25.5,22,20.015,82.54,232.33,274.055,324.435,327.29,325.64,308.585,292.505,227.73,196.35,139.25,75.125,67.875,62.125,47.625,34.125,33.25
07/11/2022,32.75,31.875,32.625,31.625,31.25,26.875,24.205,79.185,221.125,264.93,261.83,294.9,327.105,304.845,284.15,196.365,157.705,129,94.5,60.25,41,31.625,31.375,31.125
08/11/2022,30.75,30.75,30.5,32.125,30.5,26.25,25.63,77.93,150.88,189.615,211.075,225.26,92.99,0,0,0,0,0,79.75,54.75,36.5,30,28.5,29.125
09/11/2022,28.625,28.25,28.125,29,27.375,24.25,22.27,89.49,182.26,240.2,262.03,279.505,288.15,261.125,217.78,159.125,124.385,118,82.5,76.375,53.125,38.25,35.5,33.25
10/11/2022,33,33.5,33.75,33,32.75,28.625,25.455,61.195,140.91,182.55,180.705,199.23,239.16,243.885,229.43,172,128.095,84.75,77.625,62,35.625,26.625,26.25,25.875
11/11/2022,25.625,27.125,25.625,25.375,25.75,22,17.69,47.12,111.81,161.86,191.14,203.58,197.48,168.41,88.64,48.88,45.61,30,24.25,30,30,28.5,24.75,25
12/11/2022,26,24.75,25,24.5,24.25,20.75,16.97,46.05,109.77,158.36,187.72,197.47,192.47,166.87,86.47,29.825,23.5,24.625,25.75,26.5,27.25,35,31,29
13/11/2022,28.75,28.5,28.625,28.375,29.125,23.625,24.02,65.38,156.625,219.2,233.295,261.72,267.4,272.03,252.09,195.985,156.01,129.25,114.375,66.625,48.125,35.625,30.375,30.25
14/11/2022,30.125,30.875,30.5,29.75,29.375,26.25,23.97,70.37,173.315,245.17,271.79,277.57,285.095,264.905,232.595,172.58,135.72,101.375,92.5,63.125,43,34.625,32,32
15/11/2022,32.5,33,32.125,32.125,31,29,29.65,76.21,174.77,220.77,221.315,213.835,265.09,190,162.695,123.6,112.105,90.25,70.875,56.125,46.25,38.375,28,27.875
16/11/2022,27.875,28.125,28.75,27.375,27,23.875,24.1,50.625,152.255,206.72,206.2,217.04,231.845,237.415,215.98,158.52,141.715,109.75,68.625,63.75,45.75,36.125,30.125,29
17/11/2022,29.125,28.875,28.5,28.375,28.375,24.75,22.98,55.4,148.11,180.73,186.235,214.07,226.815,215.715,207.265,129.61,97.58,93.25,57.375,47.75,34.125,27.5,27.75,26.75
18/11/2022,26,25.75,27.25,25.375,25.375,21.75,19.285,41.215,107.45,155.12,188.19,199.18,190.26,162.34,75.33,26.81,22.195,25.125,24.5,24.375,24,25.75,24.125,24.125
19/11/2022,24.625,23.75,25.25,24.25,23.75,20.5,16.67,40.06,104.99,153.03,185.67,195.56,187.36,161.37,70.97,25.085,23.855,24.25,24.5,24.5,24.5,25.125,25.75,24.625
20/11/2022,24.25,24.5,24.25,24.5,24.5,21.25,16.475,42.09,148.54,194.035,208.54,227.61,250.49,260.025,243.5,164.765,115.43,80,66.125,52.625,40.25,34.75,25.625,25.375
21/11/2022,25.25,25.5,25,25,25,21.375,18.83,54.38,163.825,222.56,242.125,275.865,300.195,274.285,262.735,181.29,123.24,115.625,89.5,85.25,66.25,35.25,31.375,29.125
22/11/2022,29.625,28.375,29.5,28.125,26.875,23.75,23.61,60.07,154.51,203.815,238.885,234.465,255.725,180.82,153.855,123.655,90.03,84.25,75.5,74,49.75,29.375,27.875,27.5
23/11/2022,27.75,27.5,27.875,27.375,27.25,23.75,22.63,50.825,147.29,184.755,199.87,184.615,205.975,215.495,187.375,143.33,119.975,102.625,83.125,67.625,47.75,29.375,27.75,27.875
24/11/2022,28,28,27.375,28,28.375,24.375,22.11,45.455,114.45,141.495,170.915,178.59,187.505,188.08,158.235,118.73,95.105,79,63.625,54,34.5,25,25,24.25
25/11/2022,26,24.375,24.25,24.375,24,20.5,17.4,27.95,80.885,144.94,185.3,154.38,162.67,119.43,74.38,29.945,24.415,25.5,27.125,25,26.25,25,26.375,26.125
26/11/2022,25.75,25,28.5,25.5,26.5,21,18.175,19.115,48.115,17.75,59.25,120.58,120.59,103.56,79.77,29.875,24.63,23.5,23.5,24,23.5,24.625,23.125,24.5
27/11/2022,23.875,24.375,23.75,25.75,24.375,20.25,16.775,43.45,148.84,187.43,196.725,217.725,221.21,225.07,195.74,150.66,127.16,121.625,97,64.625,40.75,35.75,31,32.125
28/11/2022,31,30.875,31.125,31.875,31,26.625,24.055,45.35,129.94,180.895,198.065,216.145,208.335,190.51,190.52,141.055,100.27,65.625,64,45.5,32.25,25,24,23.625
29/11/2022,25.5,23.125,23.25,23.75,24.375,20.25,19.81,51.895,133.61,162.49,174.77,180.685,201.72,149.305,126.5,112.24,94.93,88.25,76.5,59,44.25,37.625,29,29.125
30/11/2022,28.875,30,28.5,28.875,28.75,26,22.615,52.905,127.7,157.34,176.7,190.1,193.27,191.82,180.15,143.89,112.67,92.25,74.25,74.125,57.625,44.25,29,30.625
01/12/2022,29.875,29.5,28.25,27.75,28.5,24.375,21.245,48.62,122.86,160.13,179.44,192.15,197.97,203.64,186.45,142.15,113.475,80.625,48.75,50,38.125,25.125,24.875,25.125
02/12/2022,24.75,25.625,24.625,24.75,24.75,22.25,17.405,29.32,86.07,138.03,169.68,182.02,180.03,146.97,57.97,32.485,32.55,23.75,23,24,23.75,24,23.5,24
03/12/2022,24.25,25,23.5,23.5,23.125,20,17.395,25.67,78.51,107.42,171.35,187.84,184.74,154.74,57.52,22.17,22.59,24.25,24,23.5,23.5,24,23.5,25
04/12/2022,24.25,24,23.5,23.125,23,21,18.565,48.24,130.31,155.59,174.815,200.295,193.9,190.61,181.18,132.76,89.04,79.25,58.75,56.125,46.625,30.875,29.5,27.125
05/12/2022,27.25,28.25,27.375,27.625,28.5,23.375,21.145,45.24,123.89,167.495,176.995,190.45,207.29,186.65,181.195,133.475,106.845,95.125,90.5,68.75,43.75,30.875,31.625,30.75
06/12/2022,30.75,31.75,30.5,32.125,30.375,28.5,24.43,53.29,141.4,172.51,190.85,188.77,188.96,150.765,119.69,108.865,105.95,90.25,70.75,53.25,48.125,33.375,24.25,25.25
07/12/2022,24.375,23.875,25.5,24,23.75,21.25,17.5,51.49,122.025,154.985,162.35,180.55,189.185,197.51,176.285,121.86,96.56,87.75,78.5,65.5,61.5,48.875,44.125,40.5
08/12/2022,38.25,39.125,38.375,39,37.375,34.125,34.765,64.565,123.42,161.525,169.27,188.525,200.75,193.38,164.275,111.405,67.97,59.75,53.5,48.75,37.75,33,26.125,27.875
09/12/2022,26,26,27.75,26,25.75,23.75,19.03,26.745,75.09,126.29,155.05,168,158.26,130.18,59.7,30.76,27.43,24.125,24.5,25.375,24.625,26,24.75,24.625
10/12/2022,25.375,24.625,24.875,25.75,24.125,22,17.32,25.325,77.58,132.28,165.95,184.25,176.26,137.39,56.33,28.69,30.45,26.875,25.875,25.625,26.625,25.75,25.625,26.25
11/12/2022,25.375,25.5,26.25,27,25.25,21.75,21.54,50.825,118.595,161.065,167.52,179.17,184.155,184.895,176.465,142.33,116.03,110.875,107.75,71.5,47.875,31,29,29.25
12/12/2022,29.25,29.375,30.125,29.75,29.25,26,22.4,51.58,121.46,148.36,163.575,172.385,193.3,173.755,178.815,134.85,100.655,79.75,57.125,42.25,36.375,28,23.125,23
13/12/2022,23.5,23.75,23.875,24.875,23.875,20.125,16.575,49.43,110.705,145.45,152.975,161.73,165.805,134.08,117.055,103.53,86.745,53.625,50.5,47.25,45.375,45.25,37.75,27.75
14/12/2022,25.75,27.375,26.25,26.5,26.625,22.25,19.25,43.48,111.645,140.745,147.19,151.835,153.025,160.94,148.7,113.77,97.2,51.75,52.25,58.75,49.25,32.25,25.5,25.625
15/12/2022,27,25.875,26.25,26.375,26.125,22.5,18.71,46.29,125.27,151.38,168.23,172.26,176.185,158.265,150.12,141.56,123.29,116.375,109.125,104.75,71.5,45.375,38.125,37.625
16/12/2022,38.375,38.75,38.625,38.5,38.375,36.25,31.67,33.93,73.26,131.35,167.03,181.41,177.81,142.06,53.68,27.74,36.63,28.75,26,25.25,24.25,24.5,24.25,24.125
17/12/2022,25.75,25.375,24.875,24.375,24.25,21.25,17.73,20.805,71.47,129.43,163.55,177.27,175.11,141.5,52.6,21.855,24.435,25,25.5,25.625,25.75,24.25,24.25,24.125
18/12/2022,24.125,24.75,25,26.375,24.375,21.25,25.11,65.37,123.09,168.08,177.065,190.11,188.94,182.77,200.365,138,106.505,94.875,69.5,53.75,46.5,43.625,33.625,32
19/12/2022,32,33.75,34.75,34.25,33.75,30.625,26.86,45.165,110.705,151.215,166.125,181.865,177.42,145.245,91.875,78.98,81.71,72.75,55,51.875,45.625,41.25,41.75,40.875
20/12/2022,40.5,40.75,41.5,41.625,41.25,38,37.91,43.68,65.08,123.86,159.84,173.52,163.555,140.08,56.755,33.75,33.95,39.375,37.125,34.75,28.875,24.125,23.375,23.25
21/12/2022,24.375,23,24.125,24.125,23.375,20.875,20.58,23.03,53.9,119.99,159.32,83.94,53.515,76.595,69.01,44.6,41.505,46.125,43.375,44.375,40.75,33,24.125,22.875
22/12/2022,22.75,22.75,23.5,23.375,23.125,20.5,16.85,27.39,69.51,127,162.47,130.23,104.595,93.99,43.745,27.82,28.15,27.25,27,31.625,29.375,24.5,22.5,22.25
23/12/2022,22.125,23,23.375,22.75,23.125,21.25,16.715,26.755,45.8,117.14,140.04,74.765,167.68,99.9,25.01,26.85,29.33,24.75,24.5,24.25,23.75,23.125,23.25,23.375
24/12/2022,23.5,25.625,23.625,23.5,23.25,20,16.73,15.81,23.75,39.61,117.79,56.59,55.01,27.45,24.66,18.21,23.845,24.25,28,25.375,24.75,25,25,25.875
25/12/2022,24.75,23.625,23.75,24.75,23.125,21.125,19.52,30.86,108.05,88.6,58.685,42.17,38.98,38.695,40.95,40.415,33.165,23,25.5,33.5,31.25,28.875,25.875,24.875
26/12/2022,25.125,23.375,23.5,23.375,24.625,20.375,21.5,25.765,45.73,31.485,76.06,39.28,34.04,41.005,75.28,41.44,41.565,37,32.125,27.875,25.375,25.625,23.75,23.625
27/12/2022,24.75,23.625,23.375,24.875,23,19.5,15.985,43.605,113.52,152.73,174.49,179.165,172.28,140.345,110.19,89.875,82.54,84.5,74.875,63.75,46.75,36.75,38,34.75
28/12/2022,32.625,31.625,32.375,31.875,31.75,28.25,30.62,52.735,113.075,143.51,170.65,190.17,197.68,182.31,159.94,136.53,128.69,116.875,88.625,80.625,53.125,37.75,38.5,34.25
29/12/2022,32.25,31.5,31.625,31.25,31.125,27.5,28.38,51.585,133.685,196.12,196.945,187.715,184.78,183.08,164.06,133.755,120.605,123.25,121.875,110.25,107.875,101.125,100,93.375
30/12/2022,74.375,76.625,76.375,77.875,78.5,75,75.87,73.205,76.095,85.13,115.39,175.61,172,156.95,72.75,46.54,48.49,48.875,50.875,49.875,50.125,52,50.125,50.625
31/12/2022,50.5,50.75,51.25,50.875,51,47.375,44.295,44.635,66.41,125.48,163.08,180.33,175.75,140.91,70.8,39.34,34.16,35.125,35,35.625,36.25,35.25,35,35.25
